1,img/ORI/jace_vryn's_prodigy.jpg
2,img/ORI/woodland_bellower.jpg
3,img/ORI/patron_of_the_valiant.jpg
4,img/ORI/topan_freeblade.jpg
5,img/ORI/skysnare_spider.jpg
6,img/ORI/sylvan_messenger.jpg
7,img/ORI/healing_hands.jpg
8,img/ORI/bellows_lizard.jpg
9,img/ORI/thornbow_archer.jpg
10,img/ORI/firefiend_elemental.jpg
11,img/ORI/smash_to_smithereens.jpg
12,img/ORI/ravaging_blaze.jpg
13,img/ORI/sigiled_starfish.jpg
14,img/ORI/deep-sea_terror.jpg
15,img/ORI/goblin_piledriver.jpg
16,img/ORI/elemental_bond.jpg
17,img/ORI/suppression_bonds.jpg
18,img/ORI/might_of_the_masses.jpg
19,img/ORI/war_oracle.jpg
20,img/ORI/shadows_of_the_past.jpg
21,img/ORI/somberwald_alpha.jpg
22,img/ORI/watercourser.jpg
23,img/ORI/zendikar_incarnate.jpg
24,img/ORI/leaf_gilder.jpg
25,img/ORI/animist's_awakening.jpg
26,img/ORI/starfield_of_nyx.jpg
27,img/ORI/blightcaster.jpg
28,img/ORI/auramancer.jpg
29,img/ORI/ghirapur_gearcrafter.jpg
30,img/ORI/titan's_strength.jpg
31,img/ORI/willbreaker.jpg
32,img/ORI/llanowar_empath.jpg
33,img/ORI/shaman_of_the_pack.jpg
34,img/ORI/alhammarret_high_arbiter.jpg
35,img/ORI/murder_investigation.jpg
36,img/ORI/totem-guide_hartebeest.jpg
37,img/ORI/gideon's_phalanx.jpg
38,img/ORI/despoiler_of_souls.jpg
39,img/ORI/throwing_knife.jpg
40,img/ORI/citadel_castellan.jpg
41,img/ORI/read_the_bones.jpg
42,img/ORI/sphinx's_tutelage.jpg
43,img/ORI/tower_geist.jpg
44,img/ORI/stalwart_aven.jpg
45,img/ORI/hixus_prison_warden.jpg
46,img/ORI/vastwood_gorger.jpg
47,img/ORI/enshrouding_mist.jpg
48,img/ORI/magmatic_insight.jpg
49,img/ORI/kytheon's_tactics.jpg
50,img/ORI/reclaim.jpg
51,img/ORI/aspiring_aeronaut.jpg
52,img/ORI/yeva's_forcemage.jpg
53,img/ORI/kytheon's_irregulars.jpg
54,img/ORI/embermaw_hellion.jpg
55,img/ORI/brawler's_plate.jpg
56,img/ORI/chief_of_the_foundry.jpg
57,img/ORI/catacomb_slug.jpg
58,img/ORI/negate.jpg
59,img/ORI/outland_colossus.jpg
60,img/ORI/mighty_leap.jpg
61,img/ORI/wild_instincts.jpg
62,img/ORI/jhessian_thief.jpg
63,img/ORI/vine_snare.jpg
64,img/ORI/jayemdae_tome.jpg
65,img/ORI/mage-ring_bully.jpg
66,img/ORI/cleric_of_the_forward_order.jpg
67,img/ORI/kothophed_soul_hoarder.jpg
68,img/ORI/ghirapur_aether_grid.jpg
69,img/ORI/elvish_visionary.jpg
70,img/ORI/mizzium_meddler.jpg
71,img/ORI/heavy_infantry.jpg
72,img/ORI/mantle_of_webs.jpg
73,img/ORI/deadbridge_shaman.jpg
74,img/ORI/gather_the_pack.jpg
75,img/ORI/demolish.jpg
76,img/ORI/fetid_imp.jpg
77,img/ORI/sigil_of_the_empty_throne.jpg
78,img/ORI/molten_vortex.jpg
79,img/ORI/blazing_hellhound.jpg
80,img/ORI/dwynen_gilt-leaf_daen.jpg
81,img/ORI/undercity_troll.jpg
82,img/ORI/chandra's_ignition.jpg
83,img/ORI/disciple_of_the_ring.jpg
84,img/ORI/touch_of_moonglove.jpg
85,img/ORI/nissa_sage_animist.jpg
86,img/ORI/tormented_thoughts.jpg
87,img/ORI/jace's_sanctum.jpg
88,img/ORI/orbs_of_warding.jpg
89,img/ORI/knightly_valor.jpg
90,img/ORI/liliana_defiant_necromancer.jpg
91,img/ORI/alchemist's_vial.jpg
92,img/ORI/shambling_ghoul.jpg
93,img/ORI/nissa_vastwood_seer.jpg
94,img/ORI/swift_reckoning.jpg
95,img/ORI/nivix_barrier.jpg
96,img/ORI/alhammarret's_archive.jpg
97,img/ORI/blessed_spirits.jpg
98,img/ORI/avaricious_dragon.jpg
99,img/ORI/soulblade_djinn.jpg
100,img/ORI/akroan_sergeant.jpg
101,img/ORI/tainted_remedy.jpg
102,img/ORI/enlightened_ascetic.jpg
103,img/ORI/screeching_skaab.jpg
104,img/ORI/eyeblight_massacre.jpg
105,img/ORI/fiery_impulse.jpg
106,img/ORI/dragon_fodder.jpg
107,img/ORI/graveblade_marauder.jpg
108,img/ORI/goblin_glory_chaser.jpg
109,img/ORI/displacement_wave.jpg
110,img/ORI/thopter_spy_network.jpg
111,img/ORI/cobblebrute.jpg
112,img/ORI/thunderclap_wyvern.jpg
113,img/ORI/titanic_growth.jpg.jpg
114,img/ORI/skaab_goliath.jpg
115,img/ORI/scab-clan_berserker.jpg
116,img/ORI/reave_soul.jpg
117,img/ORI/dwynen's_elite.jpg
118,img/ORI/bone_to_ash.jpg
119,img/ORI/abbot_of_keral_keep.jpg
120,img/ORI/relic_seeker.jpg
121,img/ORI/charging_griffin.jpg
122,img/ORI/nissa's_revelation.jpg
123,img/ORI/subterranean_scout.jpg
124,img/ORI/nightsnare.jpg
125,img/ORI/erebos's_titan.jpg
126,img/ORI/flameshadow_conjuring.jpg
127,img/ORI/timberpack_wolf.jpg
128,img/ORI/enthralling_victor.jpg
129,img/ORI/hallowed_moonlight.jpg
130,img/ORI/the_great_aurora.jpg
131,img/ORI/llanowar_wastes.jpg
132,img/ORI/knight_of_the_pilgrim's_road.jpg
133,img/ORI/psychic_rebuttal.jpg
134,img/ORI/bonded_construct.jpg
135,img/ORI/malakir_cullblade.jpg
136,img/ORI/languish.jpg
137,img/ORI/scrapskin_drake.jpg
138,img/ORI/blood-cursed_knight.jpg
139,img/ORI/volcanic_rambler.jpg
140,img/ORI/dark_petition.jpg
141,img/ORI/aerial_volley.jpg
142,img/ORI/macabre_waltz.jpg
143,img/ORI/disperse.jpg
144,img/ORI/meteorite.jpg
145,img/ORI/sigil_of_valor.jpg
146,img/ORI/nissa's_pilgrimage.jpg
147,img/ORI/claustrophobia.jpg
148,img/ORI/faerie_miscreant.jpg
149,img/ORI/weight_of_the_underworld.jpg
150,img/ORI/dreadwaters.jpg
151,img/ORI/shivan_reef.jpg
152,img/ORI/chandra's_fury.jpg
153,img/ORI/mage-ring_network.jpg
154,img/ORI/priest_of_the_blood_rite.jpg
155,img/ORI/revenant.jpg
156,img/ORI/skyraker_giant.jpg
157,img/ORI/liliana_heretical_healer.jpg
158,img/ORI/vryn_wingmare.jpg
159,img/ORI/dark_dabbling.jpg
160,img/ORI/call_of_the_full_moon.jpg
161,img/ORI/foundry_of_the_consuls.jpg
162,img/ORI/conclave_naturalists.jpg
163,img/ORI/guardian_automaton.jpg
164,img/ORI/mage-ring_responder.jpg
165,img/ORI/ringwarden_owl.jpg
166,img/ORI/send_to_sleep.jpg
167,img/ORI/evolving_wilds.jpg
168,img/ORI/joraga_invocation.jpg
169,img/ORI/knight_of_the_white_orchid.jpg
170,img/ORI/evolutionary_leap.jpg
171,img/ORI/nantuko_husk.jpg
172,img/ORI/acolyte_of_the_inferno.jpg
173,img/ORI/harbinger_of_the_tides.jpg
174,img/ORI/consecrated_by_blood.jpg
175,img/ORI/thopter_engineer.jpg
176,img/ORI/infectious_bloodlust.jpg
177,img/ORI/sword_of_the_animist.jpg
178,img/ORI/day's_undoing.jpg
179,img/ORI/pyromancer's_goggles.jpg
180,img/ORI/clash_of_wills.jpg
181,img/ORI/archangel_of_tithes.jpg
182,img/ORI/unholy_hunger.jpg
183,img/ORI/caves_of_koilos.jpg
184,img/ORI/celestial_flare.jpg
185,img/ORI/fiery_conclusion.jpg
186,img/ORI/artificer's_epiphany.jpg
187,img/ORI/calculated_dismissal.jpg
188,img/ORI/talent_of_the_telepath.jpg
189,img/ORI/boggart_brute.jpg
190,img/ORI/reclusive_artificer.jpg
191,img/ORI/consul's_lieutenant.jpg
192,img/ORI/angel's_tomb.jpg
193,img/ORI/demonic_pact.jpg
194,img/ORI/exquisite_firecraft.jpg
195,img/ORI/returned_centaur.jpg
196,img/ORI/rabid_bloodsucker.jpg
197,img/ORI/runed_servitor.jpg
198,img/ORI/gnarlroot_trapper.jpg
199,img/ORI/orchard_spirit.jpg
200,img/ORI/prickleboar.jpg
201,img/ORI/grasp_of_the_hieromancer.jpg
202,img/ORI/maritime_guard.jpg
203,img/ORI/whirler_rogue.jpg
204,img/ORI/hitchclaw_recluse.jpg
205,img/ORI/guardians_of_meletis.jpg
206,img/ORI/managorger_hydra.jpg
207,img/ORI/helm_of_the_gods.jpg
208,img/ORI/bounding_krasis.jpg
209,img/ORI/infinite_obliteration.jpg
210,img/ORI/ampryn_tactician.jpg
211,img/ORI/eyeblight_assassin.jpg
212,img/ORI/honored_hierarch.jpg
213,img/ORI/lightning_javelin.jpg
214,img/ORI/stratus_walk.jpg
215,img/ORI/veteran's_sidearm.jpg
216,img/ORI/jace_telepath_unbound.jpg
217,img/ORI/chandra_roaring_flame.jpg
218,img/ORI/separatist_voidmage.jpg
219,img/ORI/aven_battle_priest.jpg
220,img/ORI/herald_of_the_pantheon.jpg
221,img/ORI/gilt-leaf_winnower.jpg
222,img/ORI/sentinel_of_the_eternal_watch.jpg
223,img/ORI/battlefield_forge.jpg
224,img/ORI/undead_servant.jpg
225,img/ORI/pharika's_disciple.jpg
226,img/ORI/turn_to_frog.jpg
227,img/ORI/caustic_caterpillar.jpg
228,img/ORI/ramroller.jpg
229,img/ORI/akroan_jailer.jpg
230,img/ORI/possessed_skaab.jpg
231,img/ORI/rogue's_passage.jpg
232,img/ORI/cruel_revival.jpg
233,img/ORI/war_horn.jpg
234,img/ORI/chandra_fire_of_kaladesh.jpg
235,img/ORI/necromantic_summons.jpg
236,img/ORI/gideon_battle-forged.jpg
237,img/ORI/kytheon_hero_of_akros.jpg
238,img/ORI/rhox_maulers.jpg
239,img/ORI/pia_and_kiran_nalaar.jpg
240,img/ORI/prism_ring.jpg
241,img/ORI/yoked_ox.jpg
242,img/ORI/valor_in_akros.jpg
243,img/ORI/anointer_of_champions.jpg
244,img/ORI/hydrolash.jpg
245,img/ORI/zendikar's_roil.jpg
246,img/ORI/tragic_arrogance.jpg
247,img/ORI/fleshbag_marauder.jpg
248,img/ORI/iroas's_champion.jpg
249,img/ORI/gaea's_revenge.jpg
250,img/ORI/act_of_treason.jpg
251,img/ORI/yavimaya_coast.jpg
252,img/ORI/infernal_scarring.jpg
253,img/ORI/valeron_wardens.jpg
254,img/ORI/seismic_elemental.jpg
255,img/ORI/anchor_to_the_aether.jpg
256,img/mana/forest2.jpg
257,img/mana/island4.jpg
258,img/mana/island3.jpg
259,img/mana/forest3.jpg
260,img/mana/plains3.jpg
261,img/mana/mountain1.jpg
262,img/mana/swamp2.jpg
263,img/mana/mountain3.jpg
264,img/mana/plains4.jpg
265,img/mana/forest4.jpg
266,img/mana/mountain4.jpg
267,img/mana/plains1.jpg
268,img/mana/forest1.jpg
269,img/mana/island2.jpg
270,img/mana/island1.jpg
271,img/mana/swamp1.jpg
272,img/mana/swamp3.jpg
273,img/mana/swamp4.jpg
274,img/mana/plains2.jpg
275,img/mana/mountain2.jpg
